{
  "parent": "minecraft:adventure/ol_betsy",
  "criteria": {
    "arbalistic": {
      "conditions": {
        "unique_entity_types": 5,
        "fired_from_weapon": {
          "items": "minecraft:crossbow"
        }
      },
      "trigger": "minecraft:killed_by_arrow"
    }
  },
  "display": {
    "description": {
      "translate": "advancements.adventure.arbalistic.description"
    },
    "frame": "challenge",
    "hidden": true,
    "icon": {
      "count": 1,
      "id": "minecraft:crossbow"
    },
    "title": {
      "translate": "advancements.adventure.arbalistic.title"
    }
  },
  "requirements": [
    [
      "arbalistic"
    ]
  ],
  "rewards": {
    "function": "lockout:goals/count_advancements"
  },
  "sends_telemetry_event": true
}