{
    "criteria": {
      "minecraft:zombie": {
        "conditions": {
          "entity": [
            {
              "condition": "minecraft:entity_properties",
              "entity": "this",
              "predicate": {
                "type": "minecraft:shulker"
              }
            }
          ]
        },
      "trigger": "minecraft:player_killed_entity"
      }
    },
    "requirements": [
      [
        "minecraft:zombie"
      ]
    ],
    "rewards": {
      "function": "lockout:goals/count_kills"
    }
  }