{
    "criteria": {
      "netherite_boots": {
        "conditions": {
          "items": [
            {
              "items": "minecraft:netherite_boots"
            }
          ]
        },
        "trigger": "minecraft:inventory_changed"
      },
      "netherite_chestplate": {
        "conditions": {
          "items": [
            {
              "items": "minecraft:netherite_chestplate"
            }
          ]
        },
        "trigger": "minecraft:inventory_changed"
      },
      "netherite_helmet": {
        "conditions": {
          "items": [
            {
              "items": "minecraft:netherite_helmet"
            }
          ]
        },
        "trigger": "minecraft:inventory_changed"
      },
      "netherite_leggings": {
        "conditions": {
          "items": [
            {
              "items": "minecraft:netherite_leggings"
            }
          ]
        },
        "trigger": "minecraft:inventory_changed"
      }
    },
    "requirements": [
      [
        "netherite_helmet",
        "netherite_chestplate",
        "netherite_leggings",
        "netherite_boots"
      ]
    ],
    "rewards": {
      "function": "lockout:goals/i0025"
    }
  }