{
    "criteria": {
      "bedrock": {
        "trigger": "minecraft:location",
        "conditions": {
          "player": [
            {
              "condition": "minecraft:entity_properties",
              "entity": "this",
              "predicate": {
                "stepping_on": {
                  "block": {
                    "blocks": "minecraft:bedrock"
                  }
                },
                "location": {
                    "dimension": "minecraft:overworld"
                }
              }
            }
          ]
        }
      }
    },
    "requirements": [
      [
        "bedrock"
      ]
    ],
    "rewards": {
      "function": "lockout:goals/l0002"
    }
  }