{
    "criteria": {
      "play_jukebox_in_meadows": {
        "conditions": {
          "location": [
            {
              "condition": "minecraft:location_check",
              "predicate": {
                "block": {
                  "blocks": "minecraft:jukebox"
                }
              }
            },
            {
              "condition": "minecraft:match_tool",
              "predicate": {
                "predicates": {
                  "minecraft:jukebox_playable": {}
                }
              }
            }
          ]
        },
        "trigger": "minecraft:item_used_on_block"
      }
    },
    "requirements": [
      [
        "play_jukebox_in_meadows"
      ]
    ],
    "rewards": {
      "function": "lockout:goals/x0006"
    },
    "sends_telemetry_event": true
  }