{
    "criteria": {
      "picks": {
        "conditions": {
          "items": [
            {
              "items": "minecraft:wooden_pickaxe"
            },
            {
              "items": "minecraft:stone_pickaxe"
            },
            {
              "items": "minecraft:iron_pickaxe"
            },
            {
              "items": "minecraft:golden_pickaxe"
            },
            {
              "items": "minecraft:diamond_pickaxe"
            },
            {
              "items": "minecraft:netherite_pickaxe"
            }
          ]
        },
        "trigger": "minecraft:inventory_changed"
      }
    },
    "requirements": [
      [
        "picks"
      ]
    ],
    "rewards": {
      "function": "lockout:goals/i0003"
    }
  }