{
  "criteria": {
    "raiser": {
      "conditions": {
        "items": [
          {
            "items": "minecraft:raiser_armor_trim_smithing_template"
          }
        ]
      },
      "trigger": "minecraft:inventory_changed"
    },
    "host": {
      "conditions": {
        "items": [
          {
            "items": "minecraft:host_armor_trim_smithing_template"
          }
        ]
      },
      "trigger": "minecraft:inventory_changed"
    },
    "shaper": {
      "conditions": {
        "items": [
          {
            "items": "minecraft:shaper_armor_trim_smithing_template"
          }
        ]
      },
      "trigger": "minecraft:inventory_changed"
    },
    "wayfinder": {
      "conditions": {
        "items": [
          {
            "items": "minecraft:wayfinder_armor_trim_smithing_template"
          }
        ]
      },
      "trigger": "minecraft:inventory_changed"
    }
  },
  "requirements": [
    [
      "raiser",
      "host",
      "shaper",
      "wayfinder"
    ]
  ],
  "rewards": {
    "function": "lockout:goals/i0042"
  }
}