{
    "criteria": {
      "city": {
        "trigger": "minecraft:location",
        "conditions": {
          "player": [
            {
              "condition": "minecraft:entity_properties",
              "entity": "this",
              "predicate": {
                "location": {
                    "structures": "minecraft:mansion"
                }
              }
            }
          ]
        }
      }
    },
    "requirements": [
      [
        "city"
      ]
    ],
    "rewards": {
      "function": "lockout:goals/l0013"
    }
  }