{
  "parent": "minecraft:nether/ride_strider",
  "criteria": {
    "ride_entity_distance": {
      "conditions": {
        "distance": {
          "horizontal": {
            "min": 50.0
          }
        },
        "player": [
          {
            "condition": "minecraft:entity_properties",
            "entity": "this",
            "predicate": {
              "location": {
                "dimension": "minecraft:overworld"
              },
              "vehicle": {
                "type": "minecraft:strider"
              }
            }
          }
        ]
      },
      "trigger": "minecraft:ride_entity_in_lava"
    }
  },
  "display": {
    "description": {
      "translate": "advancements.nether.ride_strider_in_overworld_lava.description"
    },
    "icon": {
      "count": 1,
      "id": "minecraft:warped_fungus_on_a_stick"
    },
    "title": {
      "translate": "advancements.nether.ride_strider_in_overworld_lava.title"
    }
  },
  "requirements": [
    [
      "ride_entity_distance"
    ]
  ],
  "rewards": {
    "function": "lockout:goals/count_advancements"
  },
  "sends_telemetry_event": true
}