{
  "model": {
    "type": "select",
    "property": "custom_model_data",
    "fallback": {
      "type": "model",
      "model": "item/experience_bottle"
    },
    "cases": [
      {
        "when": "X0001",
        "model": {
          "type": "model",
          "model": "item/level_30"
        }
      },
      {
        "when": "A0001",
        "model": {
          "type": "model",
          "model": "item/25_advancements"
        }
      },
      {
        "when": "A0021",
        "model": {
          "type": "model",
          "model": "item/15_advancements"
        }
      },
      {
        "when": "A0022",
        "model": {
          "type": "model",
          "model": "item/35_advancements"
        }
      },
      {
        "when": "X0025",
        "model": {
          "type": "model",
          "model": "item/level_15"
        }
      },
      {
        "when": "N0014",
        "model": {
          "type": "model",
          "model": "item/more_level"
        }
      }
    ]
  }
}