{
    "criteria": {
      "raw_ores": {
        "conditions": {
          "items": [
            {
              "items": "minecraft:raw_iron_block"
            },
            {
              "items": "minecraft:raw_gold_block"
            },
            {
              "items": "minecraft:raw_copper_block"
            }
          ]
        },
        "trigger": "minecraft:inventory_changed"
      }
    },
    "requirements": [
      [
        "raw_ores"
      ]
    ],
    "rewards": {
      "function": "lockout:goals/i0027"
    }
  }