{
  "criteria": {
    "stone_tools": {
      "conditions": {
        "items": [
          {
            "items": "minecraft:oak_log"
          },
          {
            "items": "minecraft:dark_oak_log"
          },
          {
            "items": "minecraft:birch_log"
          },
          {
            "items": "minecraft:spruce_log"
          },
          {
            "items": "minecraft:jungle_log"
          },
          {
            "items": "minecraft:acacia_log"
          },
          {
            "items": "minecraft:crimson_stem"
          },
          {
            "items": "minecraft:warped_stem"
          },
          {
            "items": "minecraft:cherry_log"
          },
          {
            "items": "minecraft:mangrove_log"
          },
          {
            "items": "minecraft:pale_oak_log"
          }
        ]
      },
      "trigger": "minecraft:inventory_changed"
    }
  },
  "requirements": [
    [
      "stone_tools"
    ]
  ],
  "rewards": {
    "function": "lockout:goals/i0036"
  }
}