{
    "criteria": {
      "picks": {
        "conditions": {
          "items": [
            {
              "items": "minecraft:minecart"
            },
            {
              "items": "minecraft:chest_minecart"
            },
            {
              "items": "minecraft:hopper_minecart"
            },
            {
              "items": "minecraft:tnt_minecart"
            },
            {
              "items": "minecraft:furnace_minecart"
            }
          ]
        },
        "trigger": "minecraft:inventory_changed"
      }
    },
    "requirements": [
      [
        "picks"
      ]
    ],
    "rewards": {
      "function": "lockout:goals/i0126"
    }
  }