{
    "criteria": {
      "picks": {
        "conditions": {
          "items": [
            {
              "items": "minecraft:wheat_seeds"
            },
            {
              "items": "minecraft:beetroot_seeds"
            },
            {
              "items": "minecraft:melon_seeds"
            },
            {
              "items": "minecraft:pumpkin_seeds"
            }
          ]
        },
        "trigger": "minecraft:inventory_changed"
      }
    },
    "requirements": [
      [
        "picks"
      ]
    ],
    "rewards": {
      "function": "lockout:goals/i0075"
    }
  }