{
    "criteria": {
      "stone_tools": {
        "conditions": {
          "items": [
            {
              "items": "minecraft:stone_sword"
            },
            {
              "items": "minecraft:stone_axe"
            },
            {
              "items": "minecraft:stone_pickaxe"
            },
            {
              "items": "minecraft:stone_shovel"
            },
            {
              "items": "minecraft:stone_hoe"
            }
          ]
        },
        "trigger": "minecraft:inventory_changed"
      }
    },
    "requirements": [
      [
        "stone_tools"
      ]
    ],
    "rewards": {
      "function": "lockout:goals/i0031"
    }
  }