{
  "criteria": {
    "flow": {
      "conditions": {
        "items": [
          {
            "items": "minecraft:flow_banner_pattern"
          }
        ]
      },
      "trigger": "minecraft:inventory_changed"
    },
    "globe": {
      "conditions": {
        "items": [
          {
            "items": "minecraft:globe_banner_pattern"
          }
        ]
      },
      "trigger": "minecraft:inventory_changed"
    },
    "skull": {
      "conditions": {
        "items": [
          {
            "items": "minecraft:skull_banner_pattern"
          }
        ]
      },
      "trigger": "minecraft:inventory_changed"
    },
    "flower": {
      "conditions": {
        "items": [
          {
            "items": "minecraft:flower_banner_pattern"
          }
        ]
      },
      "trigger": "minecraft:inventory_changed"
    },
    "guster": {
      "conditions": {
        "items": [
          {
            "items": "minecraft:guster_banner_pattern"
          }
        ]
      },
      "trigger": "minecraft:inventory_changed"
    },
    "mojang": {
      "conditions": {
        "items": [
          {
            "items": "minecraft:mojang_banner_pattern"
          }
        ]
      },
      "trigger": "minecraft:inventory_changed"
    },
    "piglin": {
      "conditions": {
        "items": [
          {
            "items": "minecraft:piglin_banner_pattern"
          }
        ]
      },
      "trigger": "minecraft:inventory_changed"
    },
    "creeper": {
      "conditions": {
        "items": [
          {
            "items": "minecraft:creeper_banner_pattern"
          }
        ]
      },
      "trigger": "minecraft:inventory_changed"
    }
  },
  "requirements": [
    [
      "flow",
      "globe",
      "skull",
      "flower",
      "guster",
      "mojang",
      "piglin",
      "creeper"
    ]
  ],
  "rewards": {
    "function": "lockout:goals/i0040"
  }
}