{
    "criteria": {
      "diamond_armor": {
        "conditions": {
          "items": [
            {
              "items": "minecraft:diamond_helmet"
            },
            {
              "items": "minecraft:diamond_chestplate"
            },
            {
              "items": "minecraft:diamond_leggings"
            },
            {
              "items": "minecraft:diamond_boots"
            }
          ]
        },
        "trigger": "minecraft:inventory_changed"
      }
    },
    "requirements": [
      [
        "diamond_armor"
      ]
    ],
    "rewards": {
      "function": "lockout:goals/i0049"
    }
  }