{
    "criteria": {
      "height_limit": {
        "conditions": {
          "player": [
            {
              "condition": "minecraft:entity_properties",
              "entity": "this",
              "predicate": {
                "location": {
                  "position": {
                    "y": {
                      "min": 319.0
                    }
                  }
                }
              }
            }
          ]
        },
        "trigger": "minecraft:location"
      }
    },
    "requirements": [
      [
        "height_limit"
      ]
    ],
    "rewards": {
      "function": "lockout:goals/l0003"
    }
  }